{"Display Name Change":[{"Date":"2022-03-06 14:38:50 UTC","Display Name":"Vali"},{"Date":"2022-03-06 14:38:42 UTC","Display Name":"Vali⚡"},{"Date":"2021-07-28 12:19:24 UTC","Display Name":"Vali"},{"Date":"2021-06-30 19:30:36 UTC","Display Name":"♡ Vali ♡"},{"Date":"2021-03-13 22:29:09 UTC","Display Name":"Vali 👽"},{"Date":"2020-12-21 17:35:50 UTC","Display Name":"ᴠᴀʟɪ★"},{"Date":"2020-10-27 18:35:23 UTC","Display Name":"𝚅𝚊𝚕𝚒✨"},{"Date":"2020-09-20 07:53:10 UTC","Display Name":"𝑽𝒂𝒍𝒊✰"},{"Date":"2020-09-20 07:52:58 UTC","Display Name":"Removed"},{"Date":"2020-08-10 20:01:20 UTC","Display Name":"𝚅𝚊𝚕𝚒"},{"Date":"2019-11-20 10:35:04 UTC","Display Name":"~𝓥𝓪𝓵𝓮𝓷𝓽𝓲𝓷 ~"},{"Date":"2019-09-30 14:56:12 UTC","Display Name":"Vali🖤💪🏻"},{"Date":"2019-08-15 15:39:31 UTC","Display Name":"•Vali•"},{"Date":"2019-08-15 15:39:20 UTC","Display Name":"•Vali`•"},{"Date":"2019-08-15 15:38:54 UTC","Display Name":"Removed"},{"Date":"2019-08-12 19:12:47 UTC","Display Name":"🤘🏻"},{"Date":"2019-08-12 19:12:27 UTC","Display Name":"Ionut"},{"Date":"2018-07-19 10:16:15 UTC","Display Name":"Ionut Valentin"}],"Email Change":[{"Date":"2022-02-26 21:04:52 UTC","Email Address":"ionutvalentin140@gmail.com"},{"Date":"2022-02-26 21:04:34 UTC","Email Address":"ionutvalentin140@gmail.com"},{"Date":"2022-02-26 21:04:30 UTC","Email Address":"ionutvalentin140@gmail.com"},{"Date":"2021-08-31 10:59:54 UTC","Email Address":"cbrhonda466@gmail.com"},{"Date":"2021-08-31 10:59:29 UTC","Email Address":"cbrhonda466@gmail.com"},{"Date":"2021-08-31 10:59:23 UTC","Email Address":"cbrhonda466@gmail.com"},{"Date":"2020-11-29 18:08:40 UTC","Email Address":"ionut.serbu@stefanbanulescu.ro"},{"Date":"2020-11-29 18:07:30 UTC","Email Address":"ionut.serbu@stefanbanulescu.ro"},{"Date":"2020-11-29 18:07:28 UTC","Email Address":"ionut.serbu@stefanbanulescu.ro"},{"Date":"2020-09-02 10:55:41 UTC","Email Address":"ionutvali125@gmail.com"},{"Date":"2020-09-02 10:55:38 UTC","Email Address":"ionutvali125@gmail.com"},{"Date":"2020-09-02 10:55:35 UTC","Email Address":"ionutvali125@gmail.com"},{"Date":"2020-09-02 10:55:32 UTC","Email Address":"ionutvali125@gmail.com"},{"Date":"2018-07-19 10:16:42 UTC","Email Address":"ionut_valentin15@yahoo.com"}],"Mobile Number Change":[{"Date":"2022-11-30 18:18:38 UTC","Mobile Number":"+40737681496"},{"Date":"2020-01-19 19:33:04 UTC","Mobile Number":"+40737681496"},{"Date":"2020-01-19 16:53:11 UTC","Mobile Number":"Removed"},{"Date":"2020-01-19 16:31:11 UTC","Mobile Number":"+40737681496"},{"Date":"2020-01-19 16:27:39 UTC","Mobile Number":"Removed"},{"Date":"2019-08-12 19:05:54 UTC","Mobile Number":"+40737681496"},{"Date":"2019-06-18 11:41:27 UTC","Mobile Number":"Removed"},{"Date":"2019-01-07 09:54:45 UTC","Mobile Number":"+40737681496"}],"Password Change":[{"Date":"2022-11-30 18:21:06 UTC"}],"Snapchat Linked to Bitmoji":[],"Spectacles":[],"Two-Factor Authentication":[],"Account deactivated / reactivated":[],"Download My Data Reports":[{"Date":"2023-02-13 18:21:19 UTC","Status":"RUNNING","Email Address":"ionutvalentin140@gmail.com"},{"Date":"2023-01-18 19:48:35 UTC","Status":"COMPLETED","Email Address":"ionutvalentin140@gmail.com"},{"Date":"2023-01-01 20:33:25 UTC","Status":"COMPLETED","Email Address":"ionutvalentin140@gmail.com"},{"Date":"2022-08-05 20:07:25 UTC","Status":"COMPLETED","Email Address":"ionutvalentin140@gmail.com"}]}