{"Basic Information":{"First Name":"","Last Name":"","Email":"ionutvalentin140@gmail.com","Phone Number":"+40737681496","Account Creation Date":"2018-07-19 10:21:31 UTC","Account Creation User Agent":""},"Analytics":{"App Open Count":0,"Avatar Gender":"male","Outfit Save Count":0,"Share Count":0},"Terms of Service Acceptance History":[{"Version":"Bitmoji Privacy Policy & Terms of Service - May 15, 2018","Acceptance Date":"2018-07-19 10:25:06"},{"Version":"Bitmoji Privacy Policy & Terms of Service - August 30, 2021","Acceptance Date":"2021-12-02 18:29:12"}],"Search History":[],"Support Cases":[{"Create Time":"2022-08-05 20:37:06 UTC","Subject":"Account Recovery Request","Message":"When creating the account, I made a mistake in my date of birth, and I want to change my date of birth and it does not allow me to do so. Please solve the problem!"}],"Selfies":[],"Keyboard Enable Full Access History (iOS only)":[],"Connected Apps":[]}