{"Login History":[{"App":"Hoop","Time":"2022-03-05 17:35:01 UTC"},{"App":"Hoop","Time":"2022-03-06 14:32:50 UTC"}],"Permissions":[{"App":"Bitmoji","Time":"2021-12-02 18:29:07 UTC","Type":"Bitmoji"},{"App":"Bitmoji","Time":"2022-04-28 11:36:37 UTC","Type":"Bitmoji"},{"App":"Bitmoji","Time":"2018-07-19 10:21:30 UTC","Type":"Bitmoji"}],"Connected Applications":[{"App":"Color Galaxy","App Status":"Removed","Last Activity":""},{"App":"Trivia Party","App Status":"Removed","Last Activity":""},{"App":"Battleship","App Status":"Removed","Last Activity":""},{"App":"Snappy Colors","App Status":"Removed","Last Activity":""},{"App":"Birthdays","App Status":"Removed","Last Activity":""},{"App":"Bitmoji Tennis","App Status":"Removed","Last Activity":""},{"App":"Aquapark","App Status":"Removed","Last Activity":""}]}