{"Made For Me Panel 2022-09-11":[{"Time":"08:51:52 UTC","Survey Question":"Selectează tonul pielii cel mai apropiat de al tău","Survey Response":"#d99a60"},{"Time":"08:51:52 UTC","Survey Question":"În ce măsură consideri că îți surprinde camera Snapchat înfățișarea din viața reală atunci când nu folosești lentile (filtre)?","Survey Response":"Arăt exact ca în viața reală când fac poze pe Snapchat"},{"Time":"08:51:52 UTC","Survey Question":"Ai întâmpinat vreodată următoarele probleme legate de camera Snapchat? Selectează toate răspunsurile care se aplică.","Survey Response":"Nu am întâmpinat niciuna dintre aceste probleme legate de camera Snapchat"},{"Time":"08:51:52 UTC","Survey Question":"Cât de mulțumit(ă) ești de lentilele (filtrele) pe care le vezi acum?","Survey Response":"Foarte mulțumit(ă)"},{"Time":"08:52:20 UTC","Survey Question":"Selectează tonul pielii cel mai apropiat de al tău","Survey Response":"#d99a60"},{"Time":"08:52:20 UTC","Survey Question":"În ce măsură consideri că îți surprinde camera Snapchat înfățișarea din viața reală atunci când nu folosești lentile (filtre)?","Survey Response":"Arăt exact ca în viața reală când fac poze pe Snapchat"},{"Time":"08:52:20 UTC","Survey Question":"Ai întâmpinat vreodată următoarele probleme legate de camera Snapchat? Selectează toate răspunsurile care se aplică.","Survey Response":"Nu am întâmpinat niciuna dintre aceste probleme legate de camera Snapchat"},{"Time":"08:52:20 UTC","Survey Question":"Cât de mulțumit(ă) ești de lentilele (filtrele) pe care le vezi acum?","Survey Response":"Foarte mulțumit(ă)"}]}