{"Frequent Locations":[],"Latest Location":[{"City":"","Country":"","Region":""}],"Home & Work":{},"Daily Top Locations":[],"Top Locations Per Six-Day Period":[],"Location History":[],"Businesses and public places you may have visited":[],"Areas you may have visited in the last two years":[{"Time":"2021/12/20 18:58:39 UTC","City":"calarasi","Region":"Calarasi","Postal Code":"910013"},{"Time":"2021/12/28 06:08:32 UTC","City":"cluj-napoca","Region":"Cluj","Postal Code":"400089"},{"Time":"2021/12/28 12:54:13 UTC","City":"arad","Region":"Arad","Postal Code":"310347"},{"Time":"2022/01/10 10:13:02 UTC","City":"constanta","Region":"Conatarta","Postal Code":"900704"},{"Time":"2022/01/10 15:50:24 UTC","City":"calarasi","Region":"Calarasi","Postal Code":"910052"},{"Time":"2022/01/12 20:10:20 UTC","City":"brasov","Region":"Brasov","Postal Code":"500171"},{"Time":"2022/01/15 19:08:41 UTC","City":"calarasi","Region":"Calarasi","Postal Code":"910021"},{"Time":"2022/02/02 10:07:05 UTC","City":"constanta","Region":"Conatarta","Postal Code":"900349"},{"Time":"2022/02/13 16:12:31 UTC","City":"bucharest","Region":"Bucuresti","Postal Code":"050011"},{"Time":"2022/02/20 19:12:11 UTC","City":"lupsanu","Region":"Calarasi","Postal Code":"917160"},{"Time":"2022/03/04 05:39:42 UTC","City":"ramnicu valcea","Region":"Valcea","Postal Code":"240032"},{"Time":"2022/03/06 14:30:43 UTC","City":"constanta","Region":"Conatarta","Postal Code":"900030"},{"Time":"2022/03/07 08:41:57 UTC","City":"constanta","Region":"Conatarta","Postal Code":"900026"},{"Time":"2022/03/13 13:18:38 UTC","City":"bucharest","Region":"Bucuresti","Postal Code":"052835"},{"Time":"2022/03/19 05:46:27 UTC","City":"calarasi","Region":"Calarasi","Postal Code":"910050"},{"Time":"2022/03/22 12:21:27 UTC","City":"brasov","Region":"Brasov","Postal Code":"500198"},{"Time":"2022/03/26 20:17:06 UTC","City":"calarasi","Region":"Calarasi","Postal Code":"910125"},{"Time":"2022/03/28 08:04:37 UTC","City":"bucharest","Region":"Bucuresti","Postal Code":"021211"},{"Time":"2022/04/02 18:51:34 UTC","City":"targoviste","Region":"Dambovita","Postal Code":"130169"},{"Time":"2022/04/06 13:57:19 UTC","City":"runcu","Region":"Dambovita","Postal Code":"137400"},{"Time":"2022/04/10 15:57:37 UTC","City":"calarasi","Region":"Calarasi","Postal Code":"910147"},{"Time":"2022/04/20 21:14:22 UTC","City":"calarasi","Region":"Calarasi","Postal Code":"910144"},{"Time":"2022/04/20 21:17:40 UTC","City":"calarasi","Region":"Calarasi","Postal Code":"910002"},{"Time":"2022/04/21 22:29:35 UTC","City":"calarasi","Region":"Cluj","Postal Code":"207170"},{"Time":"2022/04/25 15:56:40 UTC","City":"cluj-napoca","Region":"Cluj","Postal Code":"400015"},{"Time":"2022/04/29 16:09:58 UTC","City":"ramnicu valcea","Region":"Valcea","Postal Code":"240011"},{"Time":"2022/05/15 17:59:12 UTC","City":"bucharest","Region":"Bucuresti","Postal Code":"052619"},{"Time":"2022/05/24 15:20:37 UTC","City":"costisata","Region":"Dambovita","Postal Code":"137037"},{"Time":"2022/06/21 19:22:19 UTC","City":"bucharest","Region":"Bucuresti","Postal Code":"052284"},{"Time":"2022/07/06 20:26:18 UTC","City":"bucharest","Region":"Bucuresti","Postal Code":"050905"},{"Time":"2022/07/06 20:29:17 UTC","City":"bucharest","Region":"Bucuresti","Postal Code":"050502"},{"Time":"2022/07/09 22:02:25 UTC","City":"roseti","Region":"Calarasi","Postal Code":"917210"},{"Time":"2022/07/11 18:59:25 UTC","City":"bucharest","Region":"Bucuresti","Postal Code":"010771"},{"Time":"2022/07/13 09:27:57 UTC","City":"bucharest","Region":"Bucuresti","Postal Code":"023985"},{"Time":"2022/07/16 18:36:39 UTC","City":"ciupercenii noi","Region":"Dolj","Postal Code":"207200"},{"Time":"2022/07/21 19:38:39 UTC","City":"calarasi","Region":"Calarasi","Postal Code":"910035"},{"Time":"2022/07/23 12:11:50 UTC","City":"sohatu","Region":"Calarasi","Postal Code":"917225"},{"Time":"2022/07/26 09:04:46 UTC","City":"satnoeni","Region":"Calarasi","Postal Code":"917053"},{"Time":"2022/07/27 23:11:41 UTC","City":"modelu","Region":"Calarasi","Postal Code":"917180"},{"Time":"2022/07/30 12:43:28 UTC","City":"calarasi","Region":"Calarasi","Postal Code":"910134"},{"Time":"2022/08/05 07:17:48 UTC","City":"calarasi","Region":"Calarasi","Postal Code":"910127"},{"Time":"2022/08/08 06:43:13 UTC","City":"bucharest","Region":"Bucuresti","Postal Code":"010171"},{"Time":"2022/08/11 12:33:14 UTC","City":"piatra neamt","Region":"Neamt","Postal Code":"610005"},{"Time":"2022/08/13 11:04:09 UTC","City":"lehliu-gara","Region":"Calarasi","Postal Code":"915300"},{"Time":"2022/08/18 10:52:56 UTC","City":"ciocanesti","Region":"Dambovita","Postal Code":"917035"},{"Time":"2022/08/22 16:39:57 UTC","City":"calarasi","Region":"Calarasi","Postal Code":"910146"},{"Time":"2022/09/02 17:05:15 UTC","City":"calarasi","Region":"Calarasi","Postal Code":"910135"},{"Time":"2022/09/07 15:30:40 UTC","City":"periam","Region":"Timis","Postal Code":"307315"},{"Time":"2022/09/18 07:05:48 UTC","City":"plataresti","Region":"Calarasi","Postal Code":"917200"},{"Time":"2022/10/01 21:11:00 UTC","City":"bacani","Region":"Vaslui","Postal Code":"737045"},{"Time":"2022/10/04 16:18:29 UTC","City":"gara banca","Region":"Vaslui","Postal Code":"737027"},{"Time":"2022/10/09 19:04:39 UTC","City":"calarasi","Region":"Calarasi","Postal Code":"910088"},{"Time":"2022/10/10 19:15:02 UTC","City":"varteju","Region":"Ilfov","Postal Code":"077129"},{"Time":"2022/10/15 05:11:39 UTC","City":"calarasi","Region":"Calarasi","Postal Code":"910001"},{"Time":"2022/10/20 17:25:38 UTC","City":"giurcani","Region":"Vaslui","Postal Code":"737256"},{"Time":"2022/10/24 16:28:47 UTC","City":"gradistea","Region":"Calarasi","Postal Code":"917115"}]}