{"Scan History":[{"Date":"2023-02-08 06:20:23 UTC","Location":"","Scan Image":["cf76ccdc-919b-0743-0b51-03a106e35200.jpeg"]},{"Date":"2023-02-03 05:48:06 UTC","Location":"","Scan Image":["17da86d2-794b-8df5-31a9-b2a6625c2003.jpeg"]},{"Date":"2023-02-01 20:44:49 UTC","Location":"","Scan Image":["afdd93ea-275b-1054-586f-61c0b21647c7.jpeg"]},{"Date":"2023-01-23 16:57:51 UTC","Location":"","Scan Image":["71febc68-0851-9f7a-5983-9f7ecc8a9dd5.jpeg"]},{"Date":"2022-12-27 16:19:40 UTC","Location":"","Scan Image":["f849995e-7419-6605-4e68-fe24d343a4bc.jpeg"]},{"Date":"2022-12-18 16:40:19 UTC","Location":"","Scan Image":["7a3bffc0-b5cc-da07-f800-45ac87b7df65.jpeg"]},{"Date":"2022-12-05 17:49:13 UTC","Location":"","Scan Image":["894f3e96-069a-8a25-b51c-1f3cde6880c9.jpeg"]},{"Date":"2022-12-05 05:34:03 UTC","Location":"","Scan Image":["d7672048-4e02-946a-67b4-b566120e7035.jpeg"]},{"Date":"2022-12-04 09:00:48 UTC","Location":"","Scan Image":["e30f5ede-f13c-bc3f-9f56-0597b79b2f89.jpeg"]},{"Date":"2022-11-20 16:13:11 UTC","Location":"","Scan Image":["6c531bc0-bade-bd6c-ec37-9cfb81f6b3b3.jpeg"]},{"Date":"2022-11-14 15:50:30 UTC","Location":"","Scan Image":["2085f04b-64fb-cc22-b7ce-7783faa053a3.jpeg"]},{"Date":"2022-11-14 10:50:37 UTC","Location":"","Scan Image":["5189b654-aa87-4e2b-72e6-dd2912bea1a1.jpeg"]},{"Date":"2022-10-24 16:17:43 UTC","Location":"","Scan Image":["83554267-a19d-4fb2-9e48-89cd890a24ab.jpeg"]},{"Date":"2022-10-14 18:07:38 UTC","Location":"","Scan Image":["f4728b5e-0122-00ae-f32a-330eef6c1b21.jpeg"]},{"Date":"2022-10-03 15:24:28 UTC","Location":"","Scan Image":["df9c3152-61a1-23a6-908c-e265ad333239.jpeg"]},{"Date":"2022-09-09 07:12:48 UTC","Location":"","Scan Image":["f49fe000-34f0-0119-be16-75d26157845f.jpeg"]},{"Date":"2022-09-09 07:12:29 UTC","Location":"","Scan Image":["8b435d30-7aa1-14b5-c0a0-3fefdb64ebf9.jpeg"]},{"Date":"2022-09-09 06:58:21 UTC","Location":"","Scan Image":["d96fc54f-7829-4dec-e0df-d55890b347c6.jpeg"]},{"Date":"2022-09-07 05:49:01 UTC","Location":"","Scan Image":["50456149-9526-c6e0-d8fc-faa73d9112a5.jpeg"]},{"Date":"2022-08-22 19:58:49 UTC","Location":"","Scan Image":["6f1892f4-0698-cefb-c614-160e3c296828.jpeg"]},{"Date":"2022-08-14 12:15:40 UTC","Location":"","Scan Image":["a54d6a89-6475-7f83-4b43-fc6c4108e30d.jpeg"]}],"Voice Scan History":[]}