{"Snap Map Places History":[{"Date":"2022-08-27 22:17:57 UTC","Place":"Jegălia","Place Location":"Jegălia, CL","Share Type":"Snap Send"},{"Date":"2022-08-27 19:48:17 UTC","Place":"Jegălia","Place Location":"Jegălia, CL","Share Type":"Snap Send"},{"Date":"2022-08-24 06:23:39 UTC","Place":"Lehliu-Gară","Place Location":", ","Share Type":"Snap Send"},{"Date":"2022-08-23 07:27:34 UTC","Place":"Lehliu-Gară","Place Location":", ","Share Type":"Snap Send"},{"Date":"2022-08-19 16:50:33 UTC","Place":"Plevna","Place Location":"Plevna, CL","Share Type":"Snap Send"},{"Date":"2022-08-19 04:28:06 UTC","Place":"Vlad Ţepeş","Place Location":"Vlad Ţepeş, CL","Share Type":"Snap Send"},{"Date":"2022-08-10 07:39:54 UTC","Place":"Călăraşi","Place Location":", ","Share Type":"Snap Send"},{"Date":"2022-08-09 07:30:27 UTC","Place":"Lehliu-Gară","Place Location":", ","Share Type":"Snap Send"},{"Date":"2022-07-24 17:42:45 UTC","Place":"Radu Vodă","Place Location":"Radu Vodă, CL","Share Type":"Snap Send"},{"Date":"2022-07-24 09:37:16 UTC","Place":"Radu Vodă","Place Location":"Radu Vodă, CL","Share Type":"Snap Send"},{"Date":"2022-07-19 09:44:50 UTC","Place":"Călăraşi","Place Location":", ","Share Type":"Snap Send"},{"Date":"2022-07-17 11:23:20 UTC","Place":"Spitalul Județean Călărași","Place Location":"Călăraşi, Călăraşi","Share Type":"Snap Send"},{"Date":"2022-07-17 08:23:06 UTC","Place":"Spitalul Județean Călărași","Place Location":"Călăraşi, Călăraşi","Share Type":"Snap Send"},{"Date":"2022-07-17 06:36:17 UTC","Place":"Spitalul Județean Călărași","Place Location":"Călăraşi, Călăraşi","Share Type":"Snap Send"},{"Date":"2022-07-12 18:21:36 UTC","Place":"Parcul Mare","Place Location":"Călăraşi, CL","Share Type":"Snap Send"},{"Date":"2022-07-11 09:21:59 UTC","Place":"Parcul Lehliu","Place Location":"Lehliu-Gară, CL","Share Type":"Snap Send"},{"Date":"2022-07-11 07:40:01 UTC","Place":"Lehliu-Gară","Place Location":", ","Share Type":"Snap Send"},{"Date":"2022-06-23 06:02:34 UTC","Place":"Călăraşi","Place Location":", ","Share Type":"Snap Send"},{"Date":"2022-06-21 12:14:41 UTC","Place":"Parcul Lehliu","Place Location":"Lehliu-Gară, CL","Share Type":"Snap Send"},{"Date":"2022-06-21 07:45:19 UTC","Place":"Lehliu-Gară","Place Location":", ","Share Type":"Snap Send"},{"Date":"2022-06-17 06:15:52 UTC","Place":"Parcul Mare","Place Location":"Călăraşi, CL","Share Type":"Snap Send"},{"Date":"2022-06-16 08:12:48 UTC","Place":"Călăraşi","Place Location":", ","Share Type":"Snap Send"},{"Date":"2022-06-15 13:19:26 UTC","Place":"Călăraşi","Place Location":", ","Share Type":"Snap Send"},{"Date":"2022-06-13 06:54:08 UTC","Place":"Samskara-Beach","Place Location":"Calarasi, Southern Romania","Share Type":"Snap Send"},{"Date":"2022-06-12 09:50:04 UTC","Place":"Călăraşi","Place Location":", ","Share Type":"Snap Send"},{"Date":"2022-06-10 07:17:04 UTC","Place":"Parcul Lehliu","Place Location":"Lehliu-Gară, CL","Share Type":"Snap Send"},{"Date":"2022-06-09 05:15:05 UTC","Place":"Călăraşi","Place Location":", ","Share Type":"Snap Send"},{"Date":"2022-06-08 12:07:29 UTC","Place":"Spitalul Județean Călărași","Place Location":"Călăraşi, Călăraşi","Share Type":"Snap Send"},{"Date":"2022-06-07 12:13:23 UTC","Place":"Parcul Mare","Place Location":"Călăraşi, CL","Share Type":"Snap Send"},{"Date":"2022-06-07 06:14:18 UTC","Place":"Spitalul Județean Călărași","Place Location":"Călăraşi, Călăraşi","Share Type":"Snap Send"},{"Date":"2022-06-06 12:42:25 UTC","Place":"Călăraşi","Place Location":", ","Share Type":"Snap Send"},{"Date":"2022-06-06 09:23:30 UTC","Place":"Parcul Mare","Place Location":"Călăraşi, CL","Share Type":"Snap Send"},{"Date":"2022-06-06 05:55:50 UTC","Place":"Spitalul Județean Călărași","Place Location":"Călăraşi, Călăraşi","Share Type":"Snap Send"},{"Date":"2022-05-27 17:12:50 UTC","Place":"Plevna","Place Location":"Plevna, CL","Share Type":"Snap Send"},{"Date":"2022-05-26 12:43:16 UTC","Place":"Călăraşi","Place Location":", ","Share Type":"Snap Send"},{"Date":"2022-05-06 13:26:52 UTC","Place":"Călăraşi","Place Location":", ","Share Type":"Snap Send"},{"Date":"2022-05-05 08:54:45 UTC","Place":"Călăraşi","Place Location":", ","Share Type":"Snap Send"},{"Date":"2022-05-02 12:39:15 UTC","Place":"Spitalul Județean Călărași","Place Location":"Călăraşi, Călăraşi","Share Type":"Snap Send"},{"Date":"2022-04-30 16:25:29 UTC","Place":"Ostrov","Place Location":"Ostrov, CT","Share Type":"Snap Send"},{"Date":"2022-04-30 14:41:58 UTC","Place":"Băneasa","Place Location":", ","Share Type":"Snap Send"},{"Date":"2022-04-30 11:55:04 UTC","Place":"Силистра","Place Location":", ","Share Type":"Snap Send"},{"Date":"2022-04-29 20:17:28 UTC","Place":"Plevna","Place Location":"Plevna, CL","Share Type":"Snap Send"},{"Date":"2022-04-25 09:04:56 UTC","Place":"Plevna","Place Location":"Plevna, CL","Share Type":"Snap Send"},{"Date":"2022-04-21 09:09:52 UTC","Place":"Parcul Lehliu","Place Location":"Lehliu-Gară, CL","Share Type":"Snap Send"},{"Date":"2022-04-15 05:32:49 UTC","Place":"Călăraşi","Place Location":", ","Share Type":"Snap Send"},{"Date":"2022-04-13 05:17:40 UTC","Place":"Orizont","Place Location":"Călăraşi, CL","Share Type":"Snap Send"},{"Date":"2022-04-12 09:49:25 UTC","Place":"Călăraşi","Place Location":", ","Share Type":"Snap Send"},{"Date":"2022-04-09 10:54:36 UTC","Place":"Vlad Ţepeş","Place Location":"Vlad Ţepeş, CL","Share Type":"Snap Send"},{"Date":"2022-04-07 04:33:24 UTC","Place":"Călăraşi","Place Location":", ","Share Type":"Snap Send"},{"Date":"2022-04-05 07:54:18 UTC","Place":"Spitalul Județean Călărași","Place Location":"Călăraşi, Călăraşi","Share Type":"Snap Send"},{"Date":"2022-04-05 06:01:16 UTC","Place":"Spitalul Județean Călărași","Place Location":"Călăraşi, Călăraşi","Share Type":"Snap Send"},{"Date":"2022-04-04 05:55:35 UTC","Place":"Spitalul Județean Călărași","Place Location":"Călăraşi, Călăraşi","Share Type":"Snap Send"},{"Date":"2022-04-01 05:55:09 UTC","Place":"Orizont","Place Location":"Călăraşi, CL","Share Type":"Snap Send"},{"Date":"2022-03-30 09:02:48 UTC","Place":"Călăraşi","Place Location":", ","Share Type":"Snap Send"},{"Date":"2022-03-28 15:26:47 UTC","Place":"Călăraşi","Place Location":", ","Share Type":"Snap Send"},{"Date":"2022-03-25 06:03:24 UTC","Place":"Călăraşi","Place Location":", ","Share Type":"Snap Send"},{"Date":"2022-03-23 12:12:36 UTC","Place":"Călăraşi","Place Location":", ","Share Type":"Snap Send"},{"Date":"2022-03-14 07:52:03 UTC","Place":"Liceul Teoretic „Mihai Eminescu”","Place Location":"Călărași, Călărași","Share Type":"Snap Send"},{"Date":"2022-03-11 09:23:40 UTC","Place":"Sala Polivalenta Calarasi","Place Location":"Călăraşi, CL","Share Type":"Snap Send"},{"Date":"2022-03-10 11:56:24 UTC","Place":"Călăraşi","Place Location":", ","Share Type":"Snap Send"},{"Date":"2022-03-08 07:44:47 UTC","Place":"Liceul Teoretic „Mihai Eminescu”","Place Location":"Călărași, Călărași","Share Type":"Snap Send"},{"Date":"2022-03-04 07:30:45 UTC","Place":"Călăraşi","Place Location":", ","Share Type":"Snap Send"},{"Date":"2022-03-03 10:09:24 UTC","Place":"Casino","Place Location":"Călăraşi, CL","Share Type":"Snap Send"},{"Date":"2022-03-01 10:59:02 UTC","Place":"Casino","Place Location":"Călăraşi, CL","Share Type":"Snap Send"},{"Date":"2022-02-28 08:40:59 UTC","Place":"Călăraşi","Place Location":", ","Share Type":"Snap Send"},{"Date":"2022-02-23 09:57:53 UTC","Place":"Călăraşi","Place Location":", ","Share Type":"Snap Send"},{"Date":"2022-02-16 11:33:19 UTC","Place":"Călăraşi","Place Location":", ","Share Type":"Snap Send"},{"Date":"2022-02-11 06:35:04 UTC","Place":"Spitalul Județean Călărași","Place Location":"Călăraşi, Călăraşi","Share Type":"Snap Send"},{"Date":"2022-02-10 06:52:15 UTC","Place":"Călăraşi","Place Location":", ","Share Type":"Snap Send"},{"Date":"2022-02-08 08:24:11 UTC","Place":"Călăraşi","Place Location":", ","Share Type":"Snap Send"},{"Date":"2022-02-08 07:46:12 UTC","Place":"Călăraşi","Place Location":", ","Share Type":"Snap Send"},{"Date":"2022-02-04 12:41:02 UTC","Place":"Parcul Lehliu","Place Location":"Lehliu-Gară, CL","Share Type":"Snap Send"},{"Date":"2022-01-31 08:40:04 UTC","Place":"Radu Vodă","Place Location":"Radu Vodă, CL","Share Type":"Snap Send"},{"Date":"2022-01-27 05:39:38 UTC","Place":"Călăraşi","Place Location":", ","Share Type":"Snap Send"},{"Date":"2022-01-26 05:50:07 UTC","Place":"Călăraşi","Place Location":", ","Share Type":"Snap Send"},{"Date":"2022-01-25 12:53:30 UTC","Place":"Călăraşi","Place Location":", ","Share Type":"Snap Send"},{"Date":"2022-01-21 11:33:05 UTC","Place":"Călăraşi","Place Location":", ","Share Type":"Snap Send"},{"Date":"2022-01-20 12:07:25 UTC","Place":"Rustic Garden","Place Location":"Calarasi, Southern Romania","Share Type":"Snap Send"},{"Date":"2022-01-20 07:17:45 UTC","Place":"Călăraşi","Place Location":", ","Share Type":"Snap Send"},{"Date":"2022-01-19 11:10:02 UTC","Place":"Rustic Garden","Place Location":"Calarasi, Southern Romania","Share Type":"Snap Send"},{"Date":"2022-01-13 12:21:53 UTC","Place":"KFC","Place Location":"Bucharest, București","Share Type":"Snap Send"},{"Date":"2022-01-13 10:41:46 UTC","Place":"Călăraşi","Place Location":", ","Share Type":"Snap Send"},{"Date":"2022-01-10 17:48:38 UTC","Place":"Călăraşi","Place Location":", ","Share Type":"Snap Send"},{"Date":"2022-01-10 10:06:15 UTC","Place":"Călăraşi","Place Location":", ","Share Type":"Snap Send"},{"Date":"2022-01-08 08:48:25 UTC","Place":"Roseţi","Place Location":", ","Share Type":"Snap Send"},{"Date":"2022-01-07 11:06:49 UTC","Place":"Colegiul Național Barbu Știrbei","Place Location":"Călărași, Calarasi","Share Type":"Snap Send"},{"Date":"2022-01-07 05:46:59 UTC","Place":"Călăraşi","Place Location":", ","Share Type":"Snap Send"},{"Date":"2022-01-06 06:14:38 UTC","Place":"Călăraşi","Place Location":", ","Share Type":"Snap Send"},{"Date":"2022-01-05 13:08:33 UTC","Place":"Călăraşi","Place Location":", ","Share Type":"Snap Send"},{"Date":"2021-12-29 19:56:32 UTC","Place":"Creţuleasca","Place Location":", ","Share Type":"Snap Send"},{"Date":"2021-12-29 18:10:22 UTC","Place":"Frăsinet","Place Location":"Frăsinet, PH","Share Type":"Snap Send"},{"Date":"2021-12-29 11:55:39 UTC","Place":"Buşteni","Place Location":"Buşteni, PH","Share Type":"Snap Send"},{"Date":"2021-12-29 08:54:38 UTC","Place":"Azuga","Place Location":", ","Share Type":"Snap Send"},{"Date":"2021-12-29 08:31:02 UTC","Place":"Buşteni","Place Location":"Buşteni, PH","Share Type":"Snap Send"},{"Date":"2021-12-28 14:04:47 UTC","Place":"Casa Manea","Place Location":"Busteni, Southern Romania","Share Type":"Snap Send"},{"Date":"2021-12-28 12:49:06 UTC","Place":"Buşteni","Place Location":"Buşteni, PH","Share Type":"Snap Send"},{"Date":"2021-12-28 07:49:26 UTC","Place":"Kalinderu","Place Location":"Busteni, Southern Romania","Share Type":"Snap Send"},{"Date":"2021-12-28 06:09:05 UTC","Place":"Băicoi","Place Location":"Băicoi, PH","Share Type":"Snap Send"},{"Date":"2021-12-28 05:12:04 UTC","Place":"Pantelimon","Place Location":"Pantelimon, IF","Share Type":"Snap Send"},{"Date":"2021-12-28 04:23:12 UTC","Place":"Valea Seacă","Place Location":"Valea Seacă, CL","Share Type":"Snap Send"},{"Date":"2021-12-21 06:29:23 UTC","Place":"Călăraşi","Place Location":", ","Share Type":"Snap Send"},{"Date":"2021-12-21 05:47:10 UTC","Place":"Călăraşi","Place Location":", ","Share Type":"Snap Send"},{"Date":"2021-12-20 12:35:37 UTC","Place":"Călăraşi","Place Location":", ","Share Type":"Snap Send"},{"Date":"2021-12-17 17:14:47 UTC","Place":"Călăraşi","Place Location":", ","Share Type":"Snap Send"},{"Date":"2021-12-17 11:15:29 UTC","Place":"Călăraşi","Place Location":", ","Share Type":"Snap Send"},{"Date":"2021-12-17 07:11:57 UTC","Place":"Călăraşi","Place Location":", ","Share Type":"Snap Send"},{"Date":"2021-12-15 07:44:20 UTC","Place":"Călăraşi","Place Location":", ","Share Type":"Snap Send"},{"Date":"2021-12-11 14:06:13 UTC","Place":"Plevna","Place Location":"Plevna, CL","Share Type":"Snap Send"},{"Date":"2021-12-10 15:17:35 UTC","Place":"Bucureşti","Place Location":", ","Share Type":"Snap Send"},{"Date":"2021-12-10 14:27:17 UTC","Place":"Călăraşi","Place Location":", ","Share Type":"Snap Send"},{"Date":"2021-12-09 16:24:06 UTC","Place":"Călăraşi","Place Location":", ","Share Type":"Snap Send"},{"Date":"2021-12-09 09:53:58 UTC","Place":"Călăraşi","Place Location":", ","Share Type":"Snap Send"},{"Date":"2021-12-08 15:04:55 UTC","Place":"Călăraşi","Place Location":", ","Share Type":"Snap Send"},{"Date":"2021-12-08 07:52:21 UTC","Place":"Călăraşi","Place Location":", ","Share Type":"Snap Send"},{"Date":"2021-12-07 07:48:37 UTC","Place":"Călăraşi","Place Location":", ","Share Type":"Snap Send"},{"Date":"2021-12-05 19:21:20 UTC","Place":"București","Place Location":", ","Share Type":"Snap Send"},{"Date":"2021-12-02 21:09:37 UTC","Place":"Călăraşi","Place Location":", ","Share Type":"Snap Send"},{"Date":"2021-11-26 14:50:18 UTC","Place":"Călăraşi","Place Location":", ","Share Type":"Snap Send"},{"Date":"2021-11-24 06:25:30 UTC","Place":"Călăraşi","Place Location":", ","Share Type":"Snap Send"},{"Date":"2021-11-23 13:20:31 UTC","Place":"Hotel Calarasi","Place Location":"Calarasi, Southern Romania","Share Type":"Snap Send"},{"Date":"2021-11-22 07:15:56 UTC","Place":"Lupşanu","Place Location":", ","Share Type":"Snap Send"},{"Date":"2021-10-31 12:28:10 UTC","Place":"Plevna","Place Location":"Plevna, CL","Share Type":"Snap Send"},{"Date":"2021-10-29 13:16:05 UTC","Place":"Călăraşi","Place Location":", ","Share Type":"Snap Send"},{"Date":"2021-10-28 12:52:52 UTC","Place":"Călăraşi","Place Location":", ","Share Type":"Snap Send"},{"Date":"2021-10-28 07:05:55 UTC","Place":"Călăraşi","Place Location":", ","Share Type":"Snap Send"},{"Date":"2021-10-25 09:09:29 UTC","Place":"Călăraşi","Place Location":", ","Share Type":"Snap Send"},{"Date":"2021-10-22 11:18:38 UTC","Place":"Călăraşi","Place Location":", ","Share Type":"Snap Send"},{"Date":"2021-10-21 15:03:59 UTC","Place":"Călăraşi","Place Location":", ","Share Type":"Snap Send"},{"Date":"2021-10-19 05:19:57 UTC","Place":"Călăraşi","Place Location":", ","Share Type":"Snap Send"},{"Date":"2021-02-17 16:22:56 UTC","Place":"Parcul Mare","Place Location":"Călăraşi, CL","Share Type":"Snap Send"},{"Date":"2021-02-16 07:42:59 UTC","Place":"Călăraşi","Place Location":", ","Share Type":"Snap Send"},{"Date":"2021-02-12 16:43:37 UTC","Place":"Parcul Mare","Place Location":"Călăraşi, CL","Share Type":"Snap Send"},{"Date":"2021-02-11 14:15:57 UTC","Place":"Parcul Mare","Place Location":"Călăraşi, CL","Share Type":"Snap Send"}]}