{"Game Scores":[{"Game":"Pop It Now!","Leaderboard":"Shop items open","Best Score":"2","Best Score Achievement Time":"2022-07-27 13:50:38 UTC"},{"Game":"Untitled Game","Leaderboard":"Trophies","Best Score":"25","Best Score Achievement Time":"2022-07-06 20:15:16 UTC"},{"Game":"Untitled Game","Leaderboard":"Largest Piece","Best Score":"2","Best Score Achievement Time":"2021-03-19 07:16:18 UTC"},{"Game":"Untitled Game","Leaderboard":"Battles Won","Best Score":"3","Best Score Achievement Time":"2022-04-02 18:51:11 UTC"},{"Game":"Untitled Game","Leaderboard":"Streaks","Best Score":"1","Best Score Achievement Time":"2022-07-06 20:15:09 UTC"},{"Game":"Untitled Game","Leaderboard":"Max Kills per Round","Best Score":"2","Best Score Achievement Time":"2021-03-19 07:16:18 UTC"},{"Game":"Untitled Game","Leaderboard":"Highscore","Best Score":"3640","Best Score Achievement Time":"2022-04-02 18:51:11 UTC"},{"Game":"Untitled Game","Leaderboard":"Max Territory","Best Score":"11","Best Score Achievement Time":"2021-03-19 07:15:03 UTC"},{"Game":"Pop It Now!","Leaderboard":"Money earned","Best Score":"15","Best Score Achievement Time":"2022-07-27 13:50:38 UTC"},{"Game":"Animal Restaurant","Leaderboard":"Mew-chelin Rankings","Best Score":0,"Best Score Achievement Time":"2022-07-06 20:16:09 UTC"},{"Game":"Untitled Game","Leaderboard":"Max Battle Time","Best Score":"37","Best Score Achievement Time":"2021-03-19 07:15:02 UTC"},{"Game":"Pop It Now!","Leaderboard":"Time in game","Best Score":"29","Best Score Achievement Time":"2022-07-27 13:51:26 UTC"},{"Game":"Pop It Now!","Leaderboard":"Best score","Best Score":"380","Best Score Achievement Time":"2022-07-27 13:51:25 UTC"}],"Sessions":[],"Lets Do It Data":[],"ldi_data":{"Lists":[],"Options":[]}}