{"Snap Inc. Terms of Service":[{"Version":"Snap Privacy Policy - June 27, 2022","Acceptance Date":"2022-07-03 18:34:46 UTC"},{"Version":"Snap Privacy Policy & Terms of Service - January 10, 2017","Acceptance Date":"2018-07-19 10:16:15 UTC"},{"Version":"Snap Privacy Policy & Terms of Service - September 26, 2017","Acceptance Date":"2018-07-19 10:16:15 UTC"},{"Version":"Snap Privacy Policy & Terms of Service - September 30, 2019","Acceptance Date":"2019-10-08 12:43:42 UTC"},{"Version":"Snap Privacy Policy & Terms of Service - September 30, 2021","Acceptance Date":"2021-09-01 18:09:16 UTC"},{"Version":"Snap Terms of Service - February 18, 2019","Acceptance Date":"2019-03-31 07:40:02 UTC"},{"Version":"Snap Terms of Service & Privacy Policy - November 15, 2021","Acceptance Date":"2021-11-20 19:44:23 UTC"},{"Version":"Memories Terms of Service","Acceptance Date":"2018-07-19 10:17:31 UTC"}],"Custom Creative Tools Terms":[],"Business Services Terms":[],"Games Terms":[{"Name":"Animal Restaurant Privacy Policy & Terms of Service","Acceptance Date":"2022-07-06 20:15:43 UTC"},{"Name":"Untitled Game Privacy Policy & Terms of Service","Acceptance Date":"2022-07-06 20:12:20 UTC"},{"Name":"Ready Chef Go! Privacy Policy & Terms of Service","Acceptance Date":"2020-01-16 14:59:33 UTC"},{"Name":"Untitled Game Privacy Policy & Terms of Service","Acceptance Date":"2022-03-27 19:03:02 UTC"},{"Name":"Trivia Party Privacy Policy & Terms of Service","Acceptance Date":"2022-07-06 20:18:40 UTC"},{"Name":"Untitled Game Privacy Policy & Terms of Service","Acceptance Date":"2021-03-19 07:12:36 UTC"},{"Name":"Blast Heroes Privacy Policy & Terms of Service","Acceptance Date":"2022-07-06 20:30:36 UTC"},{"Name":"Pop It Now! Privacy Policy & Terms of Service","Acceptance Date":"2022-07-27 13:50:20 UTC"},{"Name":"Snake Squad Privacy Policy & Terms of Service","Acceptance Date":"2020-10-18 14:02:30 UTC"},{"Name":"Bitmoji Tennis Privacy Policy & Terms of Service","Acceptance Date":"2021-01-15 22:21:55 UTC"},{"Name":"Tiny Royale Privacy Policy & Terms of Service","Acceptance Date":"2019-10-15 04:01:14 UTC"}]}