{"App Profile":{"Country":"","Creation Time":"","Account Creation Country":"RO","Platform Version":"ANDROID","In-app Language":"ro"},"Demographics":{"Cohort Age":"AGE_13_TO_17","Derived Ad Demographic":"MALE"},"Subscriptions":[],"Engagement":[],"Discover Channels Viewed":[],"Breakdown of Time Spent on App":[],"Ads You Interacted With":[{"Advertiser Name":"AppLovin Corp.","Date":"2022-04-02"}],"Interest Categories":["Hip-Hop Music Fans","Business News Watchers","News Watchers","Political News Watchers","Celebrity News Watchers","Techies & Gadget Fans - HEC","Frequent Domestic Travelers","Travel Enthusiasts - HEC","Philanthropists","Pet & Animal Lovers","Frequent Travelers - HEC","Talk Show Fans","Fun Trivia & Quiz Fanatics - HEC","Mobile Gamers - Casual","Talent & Competition Show Fans","PC Gamers","Arts & Culture Mavens - HEC","Burger Lovers","Mobile Gamers - Simulation","Advocates & Activists - HEC","Teen & Young Adult Genre Fans","Restaurants","Shopping","Department Stores","Dining & Nightlife - HEC","Parks - HEC","Parks","Department Stores - HEC","Shopping - HEC","Cafes & Coffee Shops - HEC","Math & Science Enthusiasts","Sharp-Dressed Men","Men's Lifestyle","Music Fans","Oral Care Shoppers","Pop Music Fans","Burger Lovers - HEC","Coffee Lovers - HEC","Dining & Nightlife","Pizza Lovers - HEC","Bars & Nightclubs","QSR Restaurants","Restaurants - HEC","QSR Restaurants - HEC","Cafes & Coffee Shops","Fast Food Junkies","Gamers","Vegans & Organic Foodies","Console & PC Gamers","Mobile Gamers","Hipsters & Trendsetters","Green Living Enthusiasts","Fun Trivia & Quiz Fanatics","Investors & Entrepreneurs","Sci-fi & Fantasy Fans - HEC","Chat Fiction Enthusiasts","Meme Watchers","Fitness Enthusiasts - HEC","Cycling Enthusiasts - HEC","Advocates & Activists","Cordcutters - HEC","Drama Genre Fans - HEC","Family Genre Fans - HEC","Discount & Thrifty Shoppers","Reality TV Fans","Sci-fi & Fantasy Fans","Romance & Rom-Com Fans","Fitness Enthusiasts","Superhero Film Fans","Running Enthusiasts","Foodies","Crime & Mystery Genre Fans - HEC","World Cup Enthusiasts","Indie & Foreign Film Fans - HEC","Film & TV Fans - HEC","Soft Drink Consumers","Candy & Sweets Lovers","Beer Drinkers","Social Drinkers","Beachgoers & Surfers - HEC","Pizza Lovers","Mobile Gamers - Mid-Core and Hardcore","Arts & Entertainment","Mobile Gamers - Idle","Shopping Mall Shoppers","Mobile Gamers - Hypercasual","Sneakerheads","Comics & Animation Fans - HEC","Crypto Enthusiasts","Public Places - HEC","Fashion & Style Gurus","Indie & Foreign Film Fans","Crime & Mystery Genre Fans","Action & Thriller Genre Fans","Film & TV Fans","Cordcutters","Adventure Seekers","Comedy Fans","Family Genre Fans","Music Fans - HEC","Drama Genre Fans","Automotive Enthusiasts","Concert & Festival Goers - HEC","Movie Theater Goers","Horror Genre Fans","Hipsters & Trendsetters - HEC","Investors & Entrepreneurs - HEC","Wellness & Healthy Lifestyle","High Schoolers","Travel Enthusiasts","Techies & Gadget Fans","Women's Lifestyle","Fast Food Junkies - HEC","Gamers - HEC","Sweet & Dessert Shops","New Phone Seekers","Money Minders","Travel - HEC","Water Sport Enthusiasts","Soccer Enthusiasts","Shoppers - HEC","Frequent Domestic Travelers - HEC","Cosmetics Shoppers","Men's Fashion Shoppers","PC Gamers - HEC","Jewelry & Watch Shoppers","Basketball Fans","Shoppers","eSports Enthusiasts","Sports Fans","Mobile Gamers - Puzzles","News Watchers - HEC","Mobile Gamers - Role Playing Games (RPG)","Celebrity News Watchers - HEC","Mobile Gamers - Sports","Outdoor & Nature Enthusiasts - HEC","Battle Combat & FPS Gamers","Mobile Gamers - Trivia","Pet & Animal Lovers - HEC","Mobile Gamers - Strategy","Comics & Animation Fans","Public Places","Bookworms & Avid Readers","Beauty Mavens","Arts & Entertainment - HEC"],"Geographic Information":[],"Interactions":{"Web Interactions":["orange.ro","cpx-research.com","emag.ro","nike.com","mumzworld.com","lifepointspanel.com","patreon.com","netbet.ro","samsung.com","snapchat.com","sofascore.com","sofascore.ro","888casino.ro","moneygram.com","wise.com","raiffeisen.ro","mango.com","lolesports.com","pentrucasamea.ro","pentruanimale.ro","ef.ro","hm.com","stifler.ro","hotelscombined.com","storia.ro","kayak.com","unibet.ro","multiversus.com","airbnb.com","starz.com","udemy.com","etoro.com","vice.com","worldoftanks.eu","eurosport.ro","cleverwebserver.com","tiqcdn.com","dalio.ro","superbet.ro","margee-shop.com","mintmobile.com","betfair.ro","carteameapreferata.ro","carrefouruae.com","lodivina.com","princesscasino.ro","booking.com"],"App Interactions":["https://play.google.com/store/apps/details?id=com.everywear.game5","https://play.google.com/store/apps/details?id=com.funcell.petsimulator","https://play.google.com/store/apps/details?id=com.reboot.buildroads","https://play.google.com/store/apps/details?id=com.reddit.frontpage","https://play.google.com/store/apps/details?id=com.crazylabs.jumanji","https://play.google.com/store/apps/details?id=com.gait.movehouse3d","https://play.google.com/store/apps/details?id=com.accuweather.android","https://play.google.com/store/apps/details?id=com.prettysimple.criminalcaseandroid","https://play.google.com/store/apps/details?id=com.playstrom.dop4","https://play.google.com/store/apps/details?id=scratch.lucky.money.free.real.big.win","https://play.google.com/store/apps/details?id=com.joompay.narwhal","https://play.google.com/store/apps/details?id=com.skytecgames.survival","https://play.google.com/store/apps/details?id=com.joom","https://play.google.com/store/apps/details?id=com.tfgco.games.sports.free.tennis.clash","https://play.google.com/store/apps/details?id=com.alibaba.aliexpresshd","https://play.google.com/store/apps/details?id=com.airconsole.controller","https://play.google.com/store/apps/details?id=com.xmonetize.quizzland","https://play.google.com/store/apps/details?id=com.snapchat.android","https://play.google.com/store/apps/details?id=fr.vestiairecollective","https://play.google.com/store/apps/details?id=com.glovo","https://play.google.com/store/apps/details?id=com.mmoargames.sewit","https://play.google.com/store/apps/details?id=com.toluna.webservice","https://play.google.com/store/apps/details?id=com.facebook.katana","https://play.google.com/store/apps/details?id=com.disney.disneyplus","https://play.google.com/store/apps/details?id=com.easybrain.brain.test.easy.game","https://play.google.com/store/apps/details?id=com.supersolid.snake","https://play.google.com/store/apps/details?id=com.braveisland.apps.petmaster","https://play.google.com/store/apps/details?id=com.game.spongeart","https://play.google.com/store/apps/details?id=com.microblink.photomath","https://play.google.com/store/apps/details?id=com.zynga.farmville3","https://play.google.com/store/apps/details?id=com.furiousavocado.candlecraft3d","https://play.google.com/store/apps/details?id=com.dts.freefireth","https://play.google.com/store/apps/details?id=com.connected2.ozzy.c2m","https://play.google.com/store/apps/details?id=app.zenly.locator","https://play.google.com/store/apps/details?id=com.amazon.mshop.android.shopping","https://play.google.com/store/apps/details?id=com.zzkko","https://play.google.com/store/apps/details?id=com.spotify.music","https://play.google.com/store/apps/details?id=com.coinbase.android","https://play.google.com/store/apps/details?id=com.kiloo.subwaysurf","https://play.google.com/store/apps/details?id=com.jellybtn.boardkings","https://play.google.com/store/apps/details?id=com.paypal.android.p2pmobile","https://play.google.com/store/apps/details?id=com.melsoftgames.familyislandfarm","https://play.google.com/store/apps/details?id=com.h8games.helixjump","https://play.google.com/store/apps/details?id=wp.wattpad","https://play.google.com/store/apps/details?id=com.sunsetgames.bordersecurity","https://play.google.com/store/apps/details?id=net.zedge.android","https://play.google.com/store/apps/details?id=com.twitter.android","https://play.google.com/store/apps/details?id=com.alibaba.intl.android.apps.poseidon","https://play.google.com/store/apps/details?id=com.activision.callofduty.shooter","https://play.google.com/store/apps/details?id=com.playtika.caesarscasino","https://play.google.com/store/apps/details?id=vixr.bermuda","https://play.google.com/store/apps/details?id=com.binance.dev","https://play.google.com/store/apps/details?id=com.wannaplay.stackrise","https://play.google.com/store/apps/details?id=com.demin.emojipuzzle","https://play.google.com/store/apps/details?id=ro.superbet.sport","https://play.google.com/store/apps/details?id=com.braindom2riddle","https://play.google.com/store/apps/details?id=com.pxmx.parkmarks","https://play.google.com/store/apps/details?id=com.yottagames.mafiawar","https://play.google.com/store/apps/details?id=com.miniclip.eightballpool","https://play.google.com/store/apps/details?id=com.kisekigames.smart","https://play.google.com/store/apps/details?id=com.monese.monese.live","https://play.google.com/store/apps/details?id=com.funtomic.matchmasters","https://play.google.com/store/apps/details?id=com.azarlive.android","https://play.google.com/store/apps/details?id=video.like","https://play.google.com/store/apps/details?id=com.revolut.revolut","https://play.google.com/store/apps/details?id=com.lockwoodpublishing.avakinlife"]},"Off-Platform Sharing":[],"Mobile Ad Id":"d5160c03-e611-4b47-a7aa-b0ab5827084c"}